<?xml version="1.0" standalone="yes"?>
<ObjectRepository>
  <Objects>
    <ObjectName>CB3</ObjectName>
    <ObjectType>GuiCheckBox</ObjectType>
    <StepDescription>Check the checkbox CB3</StepDescription>
    <Data>CB3</Data>
    <Action>Check</Action>
    <TCode>bibs</TCode>
    <PhysicalName>Cheap_flights</PhysicalName>
    <ObjectId>wnd[0]/usr/subSA_0100_1:SAPLEXAMPLE_ENTRY_SCREEN:0200/subSA_200_2:SAPLEXAMPLE_ENTRY_SCREEN:1200/chkCB3</ObjectId>
  </Objects>
  <Objects>
    <ObjectName>F1</ObjectName>
    <ObjectType>GuiTextField</ObjectType>
    <StepDescription>Enter F1</StepDescription>
    <Data>F1</Data>
    <Action>Assign</Action>
    <TCode>bibs</TCode>
    <PhysicalName>Street/House_number</PhysicalName>
    <ObjectId>wnd[0]/usr/subSA_0100_1:SAPLEXAMPLE_ENTRY_SCREEN:0200/subSA_200_2:SAPLEXAMPLE_ENTRY_SCREEN:1200/txtF1</ObjectId>
  </Objects>
  <Objects>
    <ObjectName>F3</ObjectName>
    <ObjectType>GuiTextField</ObjectType>
    <StepDescription>Enter F3</StepDescription>
    <Data>F3</Data>
    <Action>Assign</Action>
    <TCode>bibs</TCode>
    <PhysicalName>Postal_code/City</PhysicalName>
    <ObjectId>wnd[0]/usr/subSA_0100_1:SAPLEXAMPLE_ENTRY_SCREEN:0200/subSA_200_2:SAPLEXAMPLE_ENTRY_SCREEN:1200/txtF3</ObjectId>
  </Objects>
  <Objects>
    <ObjectName>F5</ObjectName>
    <ObjectType>GuiTextField</ObjectType>
    <StepDescription>Enter F5</StepDescription>
    <Data>F5</Data>
    <Action>Assign</Action>
    <TCode>bibs</TCode>
    <PhysicalName>Country</PhysicalName>
    <ObjectId>wnd[0]/usr/subSA_0100_1:SAPLEXAMPLE_ENTRY_SCREEN:0200/subSA_200_2:SAPLEXAMPLE_ENTRY_SCREEN:1200/txtF5</ObjectId>
  </Objects>
  <Objects>
    <ObjectName>F6</ObjectName>
    <ObjectType>GuiTextField</ObjectType>
    <StepDescription>Enter F6</StepDescription>
    <Data>F6</Data>
    <Action>Assign</Action>
    <TCode>bibs</TCode>
    <PhysicalName>E-mail</PhysicalName>
    <ObjectId>wnd[0]/usr/subSA_0100_1:SAPLEXAMPLE_ENTRY_SCREEN:0200/subSA_200_2:SAPLEXAMPLE_ENTRY_SCREEN:1200/txtF6</ObjectId>
  </Objects>
</ObjectRepository>